 "annee" , "budget_region" , "nb_ing" , "nb_dut" , "nb_tot" ,
 "2007" , "5374.099999999999e0" , "102549" , "114660" , "3193192" ,
 "2008" , "6668.3700000000035e0" , "105724" , "116578" , "3228994" ,
 "2009" , "7792.519999999999e0" , "107906" , "116530" , "3317859" ,
 "2010" , "7197.790000000001e0" , "111728" , "114861" , "3306740" ,
 "2011" , "7108.3600000000015e0" , "117590" , "126874" , "3349998" ,
 "2012" , "7608.600000000003e0" , "120350" , "126326" , "3389915" ,
 "2013" , "8009.230000000001e0" , "120226" , "127672" , "3447349" ,
 "2014" , "7422.719999999999e0" , "127272" , "128461" , "3485523" ,
 "2015" , "7110.499999999999e0" , "132202" , "128464" , "3608988" ,
